Cedula;Nombres;Edad;Genero;No de hijos;Nivel Educativo;Estrato Socio;Ingresos;Peso;Talla;Fuma;Usa Lentes;Tiene Casa;Tiene Automovil
1001023688;Caleb Figueroa;39;HOMBRE;1;SECUNDARIA;2;3182000;64;183;NO;NO;NO;NO
1011835272;Jonathan Perkins;46;HOMBRE;3;POSTGRADO;4;5607000;90;163;SI;SI;NO;NO
1012005757;John James;40;HOMBRE;0;SECUNDARIA;3;1633000;78;174;NO;NO;NO;SI
1012170500;James Fuentes;45;HOMBRE;3;PRIMARIA;3;2211000;81;162;NO;NO;NO;NO
1015693396;Adam Fischer;46;HOMBRE;3;PREGRADO;2;4149000;69;166;SI;NO;NO;NO
1016796462;Clayton Smith;52;HOMBRE;2;PREGRADO;2;3117000;98;177;SI;SI;SI;NO
1026386806;Victor Holland;38;HOMBRE;2;POSTGRADO;3;3454000;76;178;NO;SI;SI;SI
1026911435;Richard Carter;38;HOMBRE;3;PREGRADO;2;5472000;87;175;SI;SI;SI;SI
1030125450;Joshua Wright;46;HOMBRE;3;PRIMARIA;2;2771000;68;164;NO;SI;SI;SI
1034145123;Steven Mccoy;31;HOMBRE;1;POSTGRADO;2;4318000;73;176;SI;NO;SI;NO
1041666096;Timothy Matthews;34;HOMBRE;1;POSTGRADO;2;2927000;70;182;SI;SI;NO;SI
1042595048;Nicholas Green;57;HOMBRE;1;POSTGRADO;3;3387000;74;172;NO;SI;NO;NO
1047920257;Peter Green;43;HOMBRE;2;SECUNDARIA;3;2451000;86;162;NO;NO;NO;NO
1054824195;John Martin;23;HOMBRE;2;PREGRADO;3;3470000;69;171;SI;NO;SI;NO
1057017177;Phillip Townsend;48;HOMBRE;2;POSTGRADO;4;2821000;71;183;NO;SI;SI;NO
1059287925;Erik Smith;23;HOMBRE;2;POSTGRADO;2;4245000;89;164;NO;SI;NO;NO
1061139821;Jonathan Murray;41;HOMBRE;2;PREGRADO;4;5540000;96;179;SI;SI;SI;NO
1078700472;David Rodriguez;35;HOMBRE;1;SECUNDARIA;3;4794000;77;177;NO;SI;NO;NO
1079913135;Isaac Blair;43;HOMBRE;2;SECUNDARIA;3;2910000;86;172;SI;NO;NO;NO
1080216646;Michael Vega;35;HOMBRE;0;PRIMARIA;4;3551000;87;161;SI;NO;NO;SI
1086351017;Joseph Brooks;48;HOMBRE;0;SECUNDARIA;2;1945000;93;167;NO;SI;SI;SI
1092582221;Daniel Anthony;31;HOMBRE;0;PREGRADO;3;1881000;79;164;SI;NO;SI;SI
1099918021;Jeffrey Neal;51;HOMBRE;2;PREGRADO;2;1612000;92;173;SI;SI;NO;NO
1113726449;Shawn Savage;41;HOMBRE;3;PREGRADO;3;2895000;87;178;NO;SI;SI;SI
1118160012;James Murray;44;HOMBRE;1;SECUNDARIA;3;3201000;59;179;SI;SI;SI;NO
1118534633;Daniel Jones;27;HOMBRE;0;PRIMARIA;2;5439000;87;167;SI;NO;SI;SI
1119099868;Joseph Ray;39;HOMBRE;2;POSTGRADO;2;3407000;68;172;SI;NO;SI;SI
1122538209;Jose Elliott;42;HOMBRE;0;POSTGRADO;2;3151000;89;177;NO;SI;NO;NO
1125813488;Michael Acosta;47;HOMBRE;3;PREGRADO;3;1889000;82;170;SI;SI;NO;SI
1126740132;Sean West;48;HOMBRE;1;POSTGRADO;2;4004000;96;174;SI;SI;NO;NO
1130491574;Shawn Dennis;41;HOMBRE;1;SECUNDARIA;4;5526000;85;162;NO;NO;SI;NO
1131238857;Derek Warren;45;HOMBRE;3;SECUNDARIA;2;2369000;81;168;NO;NO;NO;NO
1135710730;Charles Wolf;57;HOMBRE;0;SECUNDARIA;4;3531000;62;168;SI;NO;SI;SI
1136068716;Thomas Anderson;28;HOMBRE;2;POSTGRADO;3;3914000;94;172;SI;NO;NO;NO
1136120890;Jon Berry;21;HOMBRE;0;SECUNDARIA;2;5434000;61;177;SI;NO;SI;NO
1139551745;Matthew Ingram;55;HOMBRE;1;POSTGRADO;3;4438000;93;182;NO;SI;NO;NO
1143154021;Billy Calhoun;52;HOMBRE;3;POSTGRADO;2;4159000;91;171;SI;SI;SI;NO
1146544846;Raymond Hill;22;HOMBRE;2;PREGRADO;3;3400000;79;170;SI;NO;NO;SI
1150702432;Arthur Hawkins;32;HOMBRE;0;SECUNDARIA;3;3631000;65;162;NO;SI;NO;SI
1153500833;James Vaughn;47;HOMBRE;0;PRIMARIA;3;1976000;97;168;NO;SI;SI;SI
1159484023;Alexander Martinez;41;HOMBRE;1;PREGRADO;3;2025000;62;162;NO;NO;NO;SI
1167418929;Dean Peterson;35;HOMBRE;2;PREGRADO;3;5149000;66;164;NO;NO;SI;NO
1170756332;Matthew Turner;42;HOMBRE;1;POSTGRADO;4;5218000;83;180;SI;NO;NO;NO
1172509586;Nicholas Martin;21;HOMBRE;0;POSTGRADO;2;3208000;75;179;NO;SI;SI;SI
1173078229;Scott Bailey;25;HOMBRE;0;SECUNDARIA;2;2493000;71;163;NO;SI;NO;NO
1177721649;Michael Singleton;28;HOMBRE;0;PRIMARIA;3;3413000;80;171;NO;SI;SI;SI
1182719507;Daniel Burns;34;HOMBRE;3;PRIMARIA;3;3722000;83;170;NO;NO;SI;NO
1188079322;Thomas Smith;55;HOMBRE;3;PREGRADO;2;5408000;67;166;NO;SI;NO;NO
1189910371;Derek King;29;HOMBRE;3;SECUNDARIA;3;2391000;64;174;SI;NO;SI;SI
1197290533;Joshua Rivera;26;HOMBRE;3;PRIMARIA;4;3778000;72;173;SI;SI;NO;NO
1197937477;Alan Nguyen;47;HOMBRE;0;PRIMARIA;2;2939000;58;164;SI;NO;NO;SI
1205588650;James Fernandez;36;HOMBRE;2;POSTGRADO;2;1706000;88;180;NO;NO;NO;SI
1207458415;Jeremy Park;26;HOMBRE;1;SECUNDARIA;3;4147000;71;175;NO;SI;SI;SI
1214562446;Michael Strickland;40;HOMBRE;3;PRIMARIA;4;4485000;59;181;SI;NO;SI;SI
1216371820;Samuel Rangel;32;HOMBRE;1;POSTGRADO;4;3241000;64;162;NO;NO;SI;NO
1223165605;Cameron Robinson;39;HOMBRE;1;PRIMARIA;4;4238000;83;176;NO;SI;SI;NO
1227798286;James Camacho;30;HOMBRE;0;PREGRADO;2;3552000;83;166;SI;NO;SI;SI
1232245226;Douglas Ramirez;39;HOMBRE;2;PRIMARIA;4;5001000;92;172;NO;NO;NO;NO
1234675083;Lawrence Erickson;40;HOMBRE;0;PRIMARIA;2;3199000;81;163;NO;SI;NO;NO
1238258784;David Lopez;56;HOMBRE;0;PRIMARIA;2;3387000;68;181;NO;SI;NO;NO
1244001556;Peter Thomas;55;HOMBRE;2;PREGRADO;4;4315000;62;174;NO;NO;SI;SI
1247317793;John Kennedy;38;HOMBRE;0;PRIMARIA;2;3501000;63;183;NO;NO;NO;SI
1257842184;Robert Richardson;35;HOMBRE;3;SECUNDARIA;4;5037000;75;167;SI;SI;SI;NO
1258501290;Eric Evans;29;HOMBRE;3;PREGRADO;2;5440000;65;164;SI;SI;SI;NO
1263308328;Terry Kelley Jr.;50;HOMBRE;1;POSTGRADO;3;2228000;89;178;SI;NO;SI;SI
1266221866;Scott Davis;44;HOMBRE;2;PREGRADO;2;3029000;82;167;SI;NO;SI;SI
1266566382;Billy Potter;22;HOMBRE;0;POSTGRADO;2;3535000;86;181;SI;NO;SI;SI
1275872392;John Russell;27;HOMBRE;0;POSTGRADO;3;4542000;93;178;NO;NO;SI;NO
1281192563;Kenneth Levine;25;HOMBRE;0;PRIMARIA;3;4792000;64;182;SI;NO;NO;NO
1290311719;Thomas Thompson;52;HOMBRE;0;POSTGRADO;4;3118000;60;181;NO;SI;NO;NO
1291439485;Daniel Davis;29;HOMBRE;3;PRIMARIA;4;2008000;79;163;NO;SI;NO;SI
1293791906;David Vargas;21;HOMBRE;2;PREGRADO;4;2643000;60;173;SI;SI;SI;NO
1293999716;Dale Turner;51;HOMBRE;2;PRIMARIA;4;5500000;90;162;NO;SI;SI;SI
1305594999;David Johnston;38;HOMBRE;3;PREGRADO;3;5485000;76;175;SI;SI;NO;SI
1313090884;Connor Sweeney;50;HOMBRE;2;SECUNDARIA;3;4007000;68;169;NO;NO;SI;SI
1313275824;Scott Russell;26;HOMBRE;1;PREGRADO;4;5509000;62;164;SI;NO;NO;SI
1321548938;Joseph Walker;39;HOMBRE;3;PREGRADO;2;2229000;76;163;NO;SI;SI;SI
1330358778;Matthew Mckay;21;HOMBRE;1;POSTGRADO;4;5329000;64;166;NO;SI;NO;NO
1331550247;Andrew Ellis;45;HOMBRE;2;PRIMARIA;4;3121000;82;167;SI;SI;SI;NO
1332712191;Jeremy Jacobs;36;HOMBRE;0;PRIMARIA;2;3381000;74;177;NO;SI;NO;SI
1353104126;Justin Murray;31;HOMBRE;3;SECUNDARIA;2;4856000;70;176;SI;SI;SI;SI
1364010443;Carl Craig;53;HOMBRE;0;POSTGRADO;4;5633000;74;168;SI;SI;SI;NO
1367002504;Thomas Sellers;24;HOMBRE;0;POSTGRADO;4;3992000;92;171;NO;NO;SI;NO
1367220968;James Ferguson;48;HOMBRE;3;PREGRADO;4;4844000;98;168;SI;SI;NO;SI
1373533132;Richard Wagner;34;HOMBRE;2;SECUNDARIA;3;4014000;71;175;SI;SI;SI;SI
1377387838;Jason Hernandez;45;HOMBRE;1;PRIMARIA;3;3324000;74;166;SI;NO;NO;SI
1381878413;John Brown;55;HOMBRE;2;PRIMARIA;3;1765000;96;173;SI;SI;SI;NO
1382089389;Brian Chapman;33;HOMBRE;3;POSTGRADO;2;2892000;71;180;SI;SI;NO;SI
1399035044;Dale Ware;32;HOMBRE;3;PRIMARIA;3;2989000;85;169;NO;SI;SI;NO
1409258547;Robert Walker;53;HOMBRE;1;SECUNDARIA;2;5600000;98;175;NO;SI;NO;NO
1410048261;Randy Rodriguez;21;HOMBRE;0;SECUNDARIA;4;3604000;87;168;SI;NO;NO;SI
1411952344;Richard Roberts;31;HOMBRE;3;POSTGRADO;2;2328000;83;181;SI;NO;SI;NO
1418146404;Jacob Fowler;26;HOMBRE;3;PREGRADO;3;5603000;81;168;SI;NO;SI;NO
1423529413;Aaron Nunez;49;HOMBRE;0;PREGRADO;4;3776000;90;176;SI;NO;NO;SI
1425034520;Jesse Case;44;HOMBRE;1;SECUNDARIA;4;5010000;76;178;NO;SI;NO;NO
1428108857;Sean Wells;23;HOMBRE;1;PRIMARIA;3;5452000;97;181;NO;NO;SI;NO
1429542830;Edward Crawford;33;HOMBRE;0;POSTGRADO;2;1770000;69;182;SI;SI;NO;SI
1431201790;Kelly Johnson;37;HOMBRE;1;PREGRADO;4;4482000;59;169;SI;SI;NO;NO
1439928362;David Ramos;47;HOMBRE;0;SECUNDARIA;2;2273000;67;178;NO;NO;SI;SI
1440285468;Andrew Moore;25;HOMBRE;0;PRIMARIA;4;3496000;73;170;SI;SI;SI;SI
1444804844;Michael Sellers;55;HOMBRE;0;POSTGRADO;4;2662000;58;173;SI;SI;SI;NO
1446673697;Anthony Anderson;26;HOMBRE;1;POSTGRADO;4;1822000;70;175;SI;SI;SI;SI
1448060640;Victor Barr;42;HOMBRE;2;PRIMARIA;3;4520000;97;181;NO;NO;SI;SI
1448678621;William Williams;40;HOMBRE;0;POSTGRADO;2;5112000;66;176;NO;NO;SI;SI
1449999077;Wayne Patel;35;HOMBRE;2;SECUNDARIA;3;3493000;67;162;SI;SI;SI;SI
1450159418;Benjamin Avery;51;HOMBRE;0;PREGRADO;4;5079000;75;168;NO;NO;NO;NO
1450653362;John Odonnell;21;HOMBRE;3;PRIMARIA;4;4658000;96;170;NO;SI;NO;NO
1455983830;Darryl Orozco;25;HOMBRE;0;PRIMARIA;3;4540000;90;175;NO;SI;NO;SI
1456114830;Joseph Smith;45;HOMBRE;1;POSTGRADO;4;1708000;92;183;NO;NO;SI;NO
1459718458;William Santiago;57;HOMBRE;0;POSTGRADO;4;2528000;58;174;NO;NO;NO;SI
1460902334;Samuel Nicholson;33;HOMBRE;3;POSTGRADO;3;5055000;66;178;SI;NO;NO;SI
1469590760;William Ayala;35;HOMBRE;0;PRIMARIA;3;3378000;98;163;NO;SI;SI;SI
1471302153;William Snyder;25;HOMBRE;1;SECUNDARIA;2;3198000;66;170;SI;SI;SI;SI
1472440048;Stephen Romero;22;HOMBRE;3;PRIMARIA;3;2407000;59;165;SI;SI;NO;SI
1475681882;Jared Marshall;55;HOMBRE;2;PREGRADO;2;5006000;67;166;SI;SI;SI;SI
1485353667;Brian Werner;55;HOMBRE;1;PREGRADO;4;4673000;69;171;SI;SI;NO;SI
1490975423;Jonathan Webb;21;HOMBRE;3;PREGRADO;4;3816000;86;171;SI;SI;SI;NO
1493867304;Adam Dunn;26;HOMBRE;3;POSTGRADO;3;5583000;67;164;SI;NO;NO;NO
1494244253;John Ross;51;HOMBRE;3;POSTGRADO;2;1728000;92;178;NO;SI;NO;NO
1497198201;Edward Thompson;42;HOMBRE;1;PRIMARIA;3;5167000;65;163;SI;SI;NO;NO
1497900501;Richard Cook;25;HOMBRE;0;POSTGRADO;4;4950000;85;166;SI;NO;NO;NO
1505558769;Timothy Bailey;30;HOMBRE;1;PRIMARIA;2;3136000;95;168;NO;SI;SI;SI
1506254436;John Williams DDS;35;HOMBRE;0;PREGRADO;3;2349000;62;170;NO;NO;SI;NO
1510512750;Luke Jones;39;HOMBRE;3;SECUNDARIA;2;3663000;62;178;SI;SI;NO;SI
1514328454;Jason Simmons;35;HOMBRE;2;PRIMARIA;2;3090000;81;174;NO;SI;SI;NO
1514722981;Michael Jackson;37;HOMBRE;0;SECUNDARIA;4;4148000;89;167;SI;NO;SI;SI
1519191180;John Miller;24;HOMBRE;2;PRIMARIA;2;4552000;88;164;NO;NO;SI;SI
1520238309;Kevin Medina;48;HOMBRE;0;POSTGRADO;4;2879000;86;164;NO;NO;SI;SI
1530702192;James Charles;35;HOMBRE;0;POSTGRADO;4;3516000;68;176;SI;SI;SI;NO
1538042950;Donald Hicks;57;HOMBRE;2;SECUNDARIA;3;2437000;93;165;NO;SI;NO;NO
1538332315;Austin Kirby;21;HOMBRE;0;SECUNDARIA;2;5201000;82;167;SI;SI;NO;SI
1541233844;James Saunders;53;HOMBRE;3;SECUNDARIA;2;4046000;77;182;NO;SI;NO;SI
1541482170;Rodney Harvey;48;HOMBRE;2;SECUNDARIA;3;5422000;80;177;NO;NO;SI;SI
1545317338;Michael Perkins;26;HOMBRE;0;PREGRADO;4;3026000;96;180;NO;SI;SI;NO
1546628558;Ricardo Thomas;52;HOMBRE;1;PRIMARIA;4;3547000;89;176;SI;SI;NO;SI
1561616651;Mike Leonard PhD;34;HOMBRE;0;PREGRADO;4;5498000;72;176;SI;NO;SI;SI
1565666243;George Olsen;42;HOMBRE;1;PRIMARIA;4;1664000;72;161;SI;SI;SI;SI
1568066195;Ethan Perez;50;HOMBRE;1;PRIMARIA;3;2634000;74;174;NO;SI;NO;SI
1568714584;Jason King;37;HOMBRE;0;SECUNDARIA;2;1697000;74;167;NO;NO;SI;NO
1569036383;Nathan Sanchez;46;HOMBRE;0;SECUNDARIA;2;4201000;75;180;NO;NO;NO;SI
1576572956;Daniel Paul;29;HOMBRE;0;PREGRADO;3;3192000;60;182;SI;SI;SI;SI
1576618999;William Tran;57;HOMBRE;1;POSTGRADO;3;1872000;85;176;NO;NO;SI;NO
1582236650;Andres Jimenez;29;HOMBRE;0;SECUNDARIA;4;5138000;65;169;SI;NO;SI;NO
1588662688;Justin Yu;35;HOMBRE;0;POSTGRADO;3;3401000;78;163;SI;NO;NO;SI
1590850056;Jeremy Edwards;28;HOMBRE;0;SECUNDARIA;3;1789000;58;165;SI;SI;NO;NO
1591452444;Daniel Bowen;42;HOMBRE;2;PRIMARIA;4;3457000;71;180;SI;NO;SI;SI
1592721882;Andrew Williams;38;HOMBRE;2;POSTGRADO;2;5023000;77;169;NO;SI;SI;NO
1592882085;John Green;39;HOMBRE;3;SECUNDARIA;3;4050000;65;176;NO;SI;SI;NO
1595097180;Scott Ruiz;33;HOMBRE;1;POSTGRADO;4;2035000;96;170;SI;NO;SI;SI
1595999967;Timothy Johnson Jr.;45;HOMBRE;3;PREGRADO;2;5472000;87;168;SI;SI;NO;SI
1599333170;Henry Johnson;30;HOMBRE;3;SECUNDARIA;3;4328000;59;173;NO;SI;SI;NO
1613675292;Casey Neal;25;HOMBRE;1;PRIMARIA;4;3949000;76;182;SI;SI;NO;NO
1616153485;Robert Beck;54;HOMBRE;2;PREGRADO;2;3523000;95;177;NO;NO;SI;NO
1622433398;David Clark;41;HOMBRE;1;SECUNDARIA;2;5369000;88;170;SI;SI;SI;NO
1623023581;David Jones;48;HOMBRE;0;SECUNDARIA;3;3360000;59;171;NO;SI;SI;NO
1627524855;Benjamin Park;24;HOMBRE;1;POSTGRADO;4;2081000;70;169;NO;NO;NO;SI
1632897077;Brandon Green;57;HOMBRE;2;SECUNDARIA;3;4726000;60;182;NO;NO;NO;SI
1632922462;Robert Gallagher;38;HOMBRE;1;PRIMARIA;4;1702000;79;183;NO;NO;SI;NO
1633794588;William Price;34;HOMBRE;2;PREGRADO;3;5368000;86;178;NO;NO;SI;NO
1634162122;Joseph Beck;32;HOMBRE;1;PRIMARIA;2;4017000;80;162;SI;NO;SI;SI
1635538498;Scott Cline;57;HOMBRE;1;SECUNDARIA;3;4456000;64;168;SI;NO;NO;NO
1644004384;Jason Mcneil;44;HOMBRE;3;SECUNDARIA;3;2937000;60;179;NO;NO;NO;NO
1647646982;Sean Harris;34;HOMBRE;0;PRIMARIA;4;4672000;71;163;NO;NO;SI;NO
1647966542;Brandon Grant;36;HOMBRE;2;POSTGRADO;2;3072000;58;179;NO;NO;SI;NO
1649271951;Michael Miller;51;HOMBRE;0;SECUNDARIA;4;1957000;80;161;SI;NO;NO;SI
1653965296;Robert Terrell;33;HOMBRE;2;SECUNDARIA;3;4020000;72;176;NO;NO;SI;NO
1655837166;Christopher Smith;41;HOMBRE;0;POSTGRADO;2;3165000;77;176;SI;NO;SI;SI
1656074828;Michael Price;35;HOMBRE;2;SECUNDARIA;4;3622000;78;161;SI;SI;SI;SI
1663973190;Zachary Rivera;55;HOMBRE;1;PRIMARIA;3;2602000;89;171;SI;SI;SI;SI
1667609660;Zachary Ryan;49;HOMBRE;2;PREGRADO;3;5207000;72;165;NO;NO;NO;SI
1668904610;John Pierce;27;HOMBRE;1;PREGRADO;4;4953000;74;176;SI;NO;NO;SI
1671053340;Jared Dixon;44;HOMBRE;1;PRIMARIA;2;2849000;73;164;SI;SI;SI;NO
1671556765;Michael Hart;45;HOMBRE;2;POSTGRADO;2;3961000;95;179;SI;NO;NO;NO
1681419785;Eugene Santana;50;HOMBRE;3;POSTGRADO;3;3673000;64;182;NO;SI;SI;SI
1685695256;David Sexton;54;HOMBRE;1;POSTGRADO;3;5151000;96;179;SI;SI;NO;SI
1689503900;Gary Brown;47;HOMBRE;0;SECUNDARIA;2;4855000;96;168;SI;NO;NO;SI
1691472196;Ryan Pearson;57;HOMBRE;3;PRIMARIA;4;5026000;82;169;NO;NO;SI;SI
1691896320;Adam Cunningham;51;HOMBRE;2;POSTGRADO;3;4623000;83;161;SI;SI;NO;NO
1694128883;Herbert Avery;53;HOMBRE;3;POSTGRADO;4;2172000;85;170;NO;SI;SI;SI
1699442407;Hunter Gomez;41;HOMBRE;2;PREGRADO;3;4245000;68;165;SI;SI;SI;SI
1700065843;Matthew Hunter;30;HOMBRE;0;SECUNDARIA;4;2115000;88;183;NO;NO;NO;SI
1703081750;Joseph Huynh;33;HOMBRE;1;POSTGRADO;2;3339000;89;171;SI;NO;NO;NO
1704452722;Daniel Williams;53;HOMBRE;0;POSTGRADO;2;3227000;67;181;SI;NO;SI;SI
1708715904;Edward Faulkner;26;HOMBRE;1;SECUNDARIA;3;5435000;72;163;SI;SI;NO;SI
1711539656;Travis Pham;46;HOMBRE;3;SECUNDARIA;4;2420000;75;163;SI;SI;NO;NO
1713208948;Darryl Scott;29;HOMBRE;2;POSTGRADO;4;2665000;65;183;NO;SI;SI;SI
1713358642;Richard Montoya;41;HOMBRE;1;POSTGRADO;2;2099000;75;182;NO;NO;NO;SI
1718409216;David Baker;42;HOMBRE;1;POSTGRADO;3;3365000;83;172;SI;NO;NO;NO
1719278006;Luke Rodriguez;57;HOMBRE;0;PREGRADO;3;2242000;58;177;SI;SI;SI;SI
1725133280;Michael Davis;57;HOMBRE;0;PRIMARIA;4;4442000;75;180;NO;NO;NO;NO
1727956767;David Gonzalez;32;HOMBRE;3;PREGRADO;4;4735000;83;174;SI;NO;SI;SI
1731331324;Colin Hill;28;HOMBRE;2;SECUNDARIA;2;4609000;98;182;NO;SI;SI;SI
1735755351;Andrew Huber;42;HOMBRE;2;PRIMARIA;3;4303000;64;168;SI;SI;NO;NO
1743519973;Robert Patterson;35;HOMBRE;3;PRIMARIA;3;5635000;81;161;SI;SI;SI;SI
1744886550;John Burke;49;HOMBRE;1;SECUNDARIA;2;2392000;91;164;SI;SI;SI;NO
1746126326;Brent Adams;22;HOMBRE;2;POSTGRADO;4;5380000;66;164;NO;SI;NO;NO
1752966975;Mark Sullivan;40;HOMBRE;3;SECUNDARIA;3;2198000;79;168;NO;SI;SI;SI
1759709851;David Duncan;46;HOMBRE;0;SECUNDARIA;3;2239000;66;174;NO;SI;NO;NO
1761666284;Antonio Cook;22;HOMBRE;0;PREGRADO;3;4513000;87;178;SI;SI;SI;NO
1762165104;Maxwell Rodriguez;57;HOMBRE;0;PREGRADO;3;4094000;98;166;NO;SI;SI;NO
1762317465;David Schroeder;31;HOMBRE;3;PREGRADO;2;4369000;67;164;SI;NO;NO;NO
1763150098;Andrew Martin;42;HOMBRE;1;PRIMARIA;4;5354000;78;183;NO;NO;SI;NO
1769839902;Dr. Robert Clark;21;HOMBRE;1;SECUNDARIA;4;4905000;77;183;NO;NO;NO;NO
1773846414;Jeffrey Campbell;40;HOMBRE;2;SECUNDARIA;4;4905000;86;166;SI;NO;SI;NO
1779419062;Robert Bowen;46;HOMBRE;0;PREGRADO;3;4924000;66;178;SI;NO;NO;SI
1782939165;James Schwartz;25;HOMBRE;2;POSTGRADO;2;5343000;85;170;NO;SI;SI;SI
1786198213;Bryan White;35;HOMBRE;1;PREGRADO;3;3061000;96;176;NO;NO;NO;SI
1787812188;David King;23;HOMBRE;0;POSTGRADO;4;4011000;74;175;SI;SI;NO;NO
1788075422;Matthew Winters;30;HOMBRE;2;PREGRADO;2;4584000;58;179;NO;NO;NO;SI
1791278554;Brandon Cox;46;HOMBRE;1;SECUNDARIA;4;5687000;70;177;NO;NO;SI;NO
1794879597;Michael Ford;32;HOMBRE;2;PRIMARIA;3;4053000;97;181;SI;SI;SI;NO
1796234377;Jared Herrera;32;HOMBRE;2;PREGRADO;3;2888000;82;175;NO;NO;NO;SI
1801372975;Stephen Williams;47;HOMBRE;1;SECUNDARIA;3;4480000;86;173;NO;SI;SI;SI
1802621005;Gabriel Ray;24;HOMBRE;1;PREGRADO;4;5165000;89;175;NO;SI;NO;SI
1803046635;Zachary Lin;55;HOMBRE;1;PREGRADO;4;4110000;81;183;NO;SI;NO;SI
1812154273;Donald Armstrong;53;HOMBRE;0;POSTGRADO;4;5655000;81;172;SI;SI;SI;SI
1817307659;Joseph Lewis;53;HOMBRE;1;PRIMARIA;3;2245000;66;165;SI;SI;NO;SI
1819708738;Charles Harris;46;HOMBRE;1;SECUNDARIA;2;4353000;98;175;SI;SI;SI;NO
1821181149;Richard Swanson;40;HOMBRE;0;POSTGRADO;4;4077000;95;175;NO;NO;SI;NO
1821944617;Cory Morales;33;HOMBRE;0;SECUNDARIA;2;2944000;78;180;SI;SI;NO;NO
1833677051;Nathan Hawkins;27;HOMBRE;0;PREGRADO;4;5288000;70;163;NO;NO;NO;NO
1834201020;Justin Evans;27;HOMBRE;3;SECUNDARIA;3;5021000;88;164;SI;NO;SI;NO
1836285123;Robert Miller;29;HOMBRE;0;POSTGRADO;3;5533000;61;175;NO;SI;SI;SI
1839033016;Travis Burke;56;HOMBRE;0;POSTGRADO;4;2273000;90;164;SI;NO;SI;SI
1841723380;Chris Cross;40;HOMBRE;0;SECUNDARIA;2;5634000;87;173;NO;SI;NO;SI
1844204673;Joseph Wilson;50;HOMBRE;1;POSTGRADO;2;4330000;98;170;NO;NO;SI;NO
1850032972;Richard Palmer;24;HOMBRE;1;POSTGRADO;4;4326000;88;180;NO;SI;SI;SI
1863561583;Curtis Ali;28;HOMBRE;0;POSTGRADO;3;1962000;85;170;NO;SI;NO;NO
1863961801;Adam Mccoy;35;HOMBRE;0;SECUNDARIA;4;4676000;63;162;NO;NO;SI;SI
1864740489;Ricky Cook;30;HOMBRE;3;PRIMARIA;2;1932000;72;181;NO;NO;SI;SI
1868189872;Eric Lowery;51;HOMBRE;2;POSTGRADO;3;2233000;68;168;SI;SI;SI;NO
1875379466;Tyler Sanchez;23;HOMBRE;2;PREGRADO;2;2561000;58;173;NO;NO;SI;SI
1876581692;Jonathan Smith;31;HOMBRE;1;SECUNDARIA;3;4415000;92;175;NO;SI;SI;NO
1877341455;Raymond Chavez;21;HOMBRE;2;SECUNDARIA;3;5605000;79;181;NO;SI;NO;SI
1886190692;David Jones;34;HOMBRE;0;PREGRADO;4;3070000;88;179;SI;NO;SI;NO
1906082468;John Blankenship;33;HOMBRE;3;PREGRADO;3;5610000;94;168;SI;NO;SI;NO
1906602183;Jared Russo;36;HOMBRE;1;POSTGRADO;4;3785000;65;172;NO;SI;NO;NO
1911610058;Thomas Mitchell;35;HOMBRE;2;PREGRADO;3;2246000;78;164;SI;SI;SI;SI
1921176131;David Sanchez;39;HOMBRE;3;PREGRADO;3;5384000;59;165;SI;SI;NO;NO
1923722480;John Smith;28;HOMBRE;2;SECUNDARIA;2;3996000;81;173;NO;NO;NO;NO
1923912327;Gregory Collins;41;HOMBRE;0;POSTGRADO;3;2270000;76;181;SI;NO;SI;SI
1930553905;Dominic Martin;52;HOMBRE;1;PREGRADO;2;5480000;97;161;SI;NO;SI;NO
1930975107;Jorge Yates;30;HOMBRE;3;PRIMARIA;4;4541000;58;167;SI;NO;NO;NO
1933767286;Chase Flynn;33;HOMBRE;2;POSTGRADO;4;4076000;78;182;SI;NO;NO;SI
1938402813;Dustin Carter;39;HOMBRE;1;SECUNDARIA;2;2413000;60;183;SI;SI;NO;SI
1938691196;Eric Duran;23;HOMBRE;1;POSTGRADO;4;4963000;93;182;NO;NO;NO;SI
1944237518;Joseph Middleton;24;HOMBRE;2;POSTGRADO;3;4129000;84;176;SI;SI;SI;NO
1946668714;Ronald Munoz;32;HOMBRE;2;SECUNDARIA;3;2599000;65;169;SI;SI;SI;NO
1948084803;Kevin Brown;26;HOMBRE;0;PRIMARIA;3;2358000;92;179;NO;NO;SI;NO
1949982309;Joseph Rodriguez;34;HOMBRE;1;PRIMARIA;4;4670000;68;180;NO;NO;SI;SI
1952019654;Alexander Mccarthy MD;52;HOMBRE;1;POSTGRADO;2;2000000;86;182;SI;NO;NO;SI
1956010272;Jared Burton;42;HOMBRE;3;PRIMARIA;3;1684000;98;168;NO;NO;NO;NO
1957797925;Aaron Craig;49;HOMBRE;3;PRIMARIA;4;4877000;64;183;SI;NO;SI;NO
1958786434;John Lopez;29;HOMBRE;2;POSTGRADO;2;4056000;74;180;NO;NO;NO;NO
1959492474;Patrick Shaffer;40;HOMBRE;2;SECUNDARIA;4;3142000;75;183;SI;NO;NO;SI
1971070698;Robert Nelson;28;HOMBRE;1;POSTGRADO;4;3148000;83;183;NO;NO;NO;NO
1972593972;Stephen Hart;34;HOMBRE;0;PRIMARIA;4;3182000;63;166;NO;SI;SI;NO
1984675031;Dustin Short;26;HOMBRE;3;SECUNDARIA;3;4716000;94;163;SI;NO;SI;SI
1985160821;David Hooper;48;HOMBRE;2;PRIMARIA;4;2697000;71;161;SI;SI;SI;SI
1986294946;Frank Santiago;54;HOMBRE;0;PRIMARIA;3;3932000;88;180;SI;SI;NO;NO
1987449033;Brad Holmes;41;HOMBRE;0;PRIMARIA;2;4425000;72;172;SI;NO;SI;NO
1999924535;Richard Roberts;51;HOMBRE;2;PRIMARIA;3;5678000;66;177;SI;SI;SI;NO
1003402588;Lisa Rogers;44;MUJER;3;SECUNDARIA;3;2192000;75;174;SI;SI;SI;SI
1007931930;Sydney Olson;44;MUJER;0;PRIMARIA;4;3396000;86;167;NO;SI;SI;SI
1013281454;Christina Chang;46;MUJER;2;PREGRADO;2;1741000;79;173;SI;NO;SI;NO
1014087274;Sabrina Petty;27;MUJER;1;SECUNDARIA;2;4814000;77;162;SI;NO;NO;SI
1017905773;Frances Russell;56;MUJER;2;SECUNDARIA;3;3705000;81;169;SI;SI;NO;SI
1024690368;Judith Williams;39;MUJER;0;POSTGRADO;2;4085000;64;170;SI;NO;SI;NO
1025592419;Carly Wise;21;MUJER;0;POSTGRADO;4;3644000;67;164;NO;NO;NO;NO
1025691552;Nicole Lewis;56;MUJER;2;PREGRADO;3;5464000;76;161;NO;SI;SI;SI
1026554047;Madison Brooks;43;MUJER;3;POSTGRADO;4;3286000;88;162;SI;NO;SI;SI
1032525018;Valerie Moore MD;54;MUJER;1;SECUNDARIA;2;5370000;96;168;SI;SI;NO;NO
1034944488;Rebecca Harris;33;MUJER;2;PRIMARIA;3;5034000;89;178;NO;SI;SI;SI
1038735784;Crystal Griffin;32;MUJER;0;SECUNDARIA;2;3381000;61;172;SI;NO;SI;SI
1042831566;Susan Moreno;29;MUJER;2;SECUNDARIA;3;5059000;84;179;NO;SI;NO;NO
1043115565;Samantha Ortiz;43;MUJER;3;POSTGRADO;2;3907000;72;174;SI;NO;SI;SI
1053271303;Sarah Nelson;47;MUJER;1;POSTGRADO;3;2692000;80;164;SI;NO;SI;NO
1057128266;Tamara Patrick;57;MUJER;0;PRIMARIA;4;3563000;62;180;SI;NO;SI;NO
1060262767;Joanna Downs;56;MUJER;1;PRIMARIA;3;3351000;87;174;SI;NO;SI;SI
1062969596;Christine Gonzalez;24;MUJER;1;PREGRADO;2;2199000;84;162;NO;NO;SI;NO
1065010607;Angela Gomez;44;MUJER;1;SECUNDARIA;3;3384000;63;171;NO;NO;NO;SI
1071928811;Sarah Young;52;MUJER;2;SECUNDARIA;3;1674000;95;164;NO;NO;SI;SI
1073671819;Emily Briggs;43;MUJER;0;PREGRADO;4;1934000;71;164;SI;NO;SI;NO
1075921947;Kerri Roberts;27;MUJER;3;PREGRADO;4;2577000;98;173;NO;NO;NO;NO
1083532517;Susan Valdez;25;MUJER;0;SECUNDARIA;2;4693000;72;172;SI;NO;SI;SI
1085422030;Courtney Sloan;31;MUJER;1;POSTGRADO;4;5256000;61;183;SI;SI;NO;NO
1086576916;Rachael Miller;52;MUJER;3;PREGRADO;2;1985000;72;168;SI;NO;SI;NO
1087088350;Anne Bush;41;MUJER;2;POSTGRADO;3;1896000;60;162;NO;SI;SI;NO
1092114296;Cindy Small;43;MUJER;3;SECUNDARIA;4;2224000;98;170;SI;SI;NO;SI
1095846604;Heather Terrell;35;MUJER;3;PRIMARIA;3;4950000;81;167;NO;NO;SI;SI
1097110336;Amanda Flores;40;MUJER;3;SECUNDARIA;2;4656000;95;165;SI;NO;NO;NO
1097889222;Cassidy Miles;38;MUJER;0;POSTGRADO;3;2974000;65;179;SI;SI;NO;NO
1100188835;Molly Floyd;28;MUJER;2;PRIMARIA;2;3157000;77;171;SI;NO;NO;NO
1105811124;Sarah Mata;30;MUJER;3;PRIMARIA;3;5412000;71;178;SI;NO;NO;SI
1111797432;Jennifer Mitchell;47;MUJER;2;PRIMARIA;2;1712000;92;175;SI;NO;SI;NO
1111840385;Tiffany Larson;22;MUJER;2;PRIMARIA;2;2452000;83;174;NO;NO;NO;SI
1122663782;Nicole Walker;48;MUJER;1;PRIMARIA;4;1939000;75;167;SI;NO;SI;SI
1126804793;Sally Thompson;30;MUJER;0;POSTGRADO;4;3320000;66;163;SI;NO;SI;SI
1128924698;Savannah Brown;25;MUJER;2;PRIMARIA;3;3693000;96;169;SI;SI;NO;SI
1130440229;Vickie Johnson;52;MUJER;3;SECUNDARIA;4;4768000;78;182;NO;SI;SI;SI
1141758656;Katherine Smith;56;MUJER;2;SECUNDARIA;3;5417000;81;175;NO;SI;SI;SI
1143382400;Alexandria Alexander;42;MUJER;1;SECUNDARIA;2;5225000;94;182;NO;NO;SI;NO
1145551726;Brianna Young;48;MUJER;1;PREGRADO;3;4439000;77;165;NO;SI;SI;NO
1146350003;Melody Atkinson;47;MUJER;3;PREGRADO;3;2329000;91;178;SI;SI;SI;SI
1163710503;Mindy Guzman;43;MUJER;0;SECUNDARIA;2;4904000;67;161;NO;SI;NO;SI
1168296762;Nicole Taylor;47;MUJER;2;PREGRADO;3;3859000;87;182;NO;SI;SI;SI
1172010744;Julie Cummings;38;MUJER;2;SECUNDARIA;2;4753000;94;174;NO;NO;SI;NO
1173916953;Jessica Wells;55;MUJER;1;POSTGRADO;2;3391000;91;176;SI;SI;NO;SI
1176039127;Jessica Hopkins;54;MUJER;0;PRIMARIA;2;4334000;97;180;NO;NO;NO;SI
1192588192;Rachel Jones;27;MUJER;3;PREGRADO;3;3074000;71;174;NO;NO;NO;NO
1195444610;Lacey Moore;38;MUJER;3;SECUNDARIA;3;4000000;64;168;SI;SI;SI;NO
1213627590;Meghan Caldwell;39;MUJER;1;POSTGRADO;2;2464000;67;181;NO;NO;SI;SI
1213996167;Renee Terry;48;MUJER;1;SECUNDARIA;3;4768000;96;166;SI;NO;SI;SI
1218298819;Shannon Barber;52;MUJER;1;SECUNDARIA;3;2165000;95;172;SI;SI;NO;SI
1220113474;Danielle Guerrero;41;MUJER;2;SECUNDARIA;2;4461000;84;167;SI;SI;NO;NO
1220759917;Diana Henry;43;MUJER;1;SECUNDARIA;3;3936000;97;175;SI;SI;NO;NO
1225710011;Vanessa Baker;49;MUJER;3;POSTGRADO;2;2466000;75;167;SI;SI;NO;NO
1227941731;Veronica Cowan;39;MUJER;0;POSTGRADO;4;4703000;86;167;NO;SI;NO;NO
1238962439;Nicole Mercado;33;MUJER;2;POSTGRADO;2;1957000;84;167;SI;SI;NO;SI
1239653215;Rebecca Martinez;35;MUJER;3;SECUNDARIA;4;2188000;74;166;SI;SI;SI;SI
1246596790;Daisy Reynolds;31;MUJER;3;PREGRADO;2;4418000;87;175;NO;SI;NO;NO
1249158288;Kristina Rogers;53;MUJER;1;SECUNDARIA;4;2461000;76;173;SI;NO;NO;SI
1256431417;Whitney Cummings;41;MUJER;0;PRIMARIA;4;3786000;69;183;NO;SI;NO;SI
1257924428;Lisa Thompson;28;MUJER;2;PREGRADO;3;1735000;72;163;SI;SI;NO;SI
1261807268;Emily Clark;28;MUJER;1;POSTGRADO;3;3256000;65;165;SI;SI;SI;SI
1271428328;Patricia Ferguson;54;MUJER;0;SECUNDARIA;2;4550000;89;171;NO;NO;NO;SI
1273072222;Jennifer Cox;32;MUJER;2;SECUNDARIA;2;2029000;66;177;NO;SI;NO;SI
1274693581;Erica Wells;54;MUJER;3;PREGRADO;2;1806000;94;164;SI;NO;SI;SI
1281424353;Angela Walker;48;MUJER;1;PREGRADO;2;5595000;88;169;SI;NO;NO;NO
1302688417;Carmen Fox;35;MUJER;3;PRIMARIA;4;2067000;74;175;NO;SI;SI;NO
1318528478;Jessica Klein;26;MUJER;2;PRIMARIA;3;2725000;88;174;SI;NO;SI;NO
1319039721;Jennifer Luna;54;MUJER;3;PRIMARIA;4;2314000;91;166;SI;SI;SI;SI
1319294552;Nicole Whitaker;38;MUJER;0;SECUNDARIA;2;5498000;76;168;NO;SI;SI;SI
1321626905;Andrea Gutierrez;52;MUJER;3;SECUNDARIA;2;4914000;86;173;SI;SI;NO;SI
1321776981;Jennifer Everett;21;MUJER;2;POSTGRADO;3;3246000;83;181;SI;SI;SI;SI
1323059063;Mrs. Amy Taylor MD;53;MUJER;3;POSTGRADO;4;5157000;76;175;SI;SI;NO;NO
1324827987;Angela Henderson;49;MUJER;2;POSTGRADO;2;1957000;76;170;SI;SI;SI;NO
1329349781;Brittany Key;27;MUJER;0;PREGRADO;4;2079000;60;171;SI;SI;SI;NO
1329477211;Heather Nichols;57;MUJER;3;SECUNDARIA;3;2108000;83;180;SI;NO;SI;SI
1332383027;Ms. Ashley Ruiz;27;MUJER;1;SECUNDARIA;4;1667000;92;170;NO;NO;SI;NO
1333111713;Lisa Simmons;28;MUJER;2;PREGRADO;3;5323000;93;170;SI;SI;SI;SI
1336218422;Amanda Hall;45;MUJER;3;PRIMARIA;3;5274000;63;168;SI;SI;NO;SI
1337642165;Kimberly Bailey;23;MUJER;0;POSTGRADO;2;2511000;82;167;SI;NO;SI;NO
1339418456;Sarah Gomez;56;MUJER;3;POSTGRADO;4;1630000;61;163;SI;NO;NO;NO
1358860383;Kristen Schultz;43;MUJER;1;PREGRADO;3;2151000;76;175;NO;SI;SI;NO
1360423091;Deborah Cox;57;MUJER;2;PRIMARIA;4;4091000;97;163;SI;SI;SI;NO
1364822495;Jennifer Anderson;53;MUJER;2;PRIMARIA;3;3267000;66;161;SI;SI;SI;SI
1370607441;Amy Soto;21;MUJER;3;POSTGRADO;2;3326000;92;163;NO;NO;NO;NO
1371229610;Diana Johnson;41;MUJER;1;PREGRADO;3;4231000;80;161;NO;SI;SI;SI
1372798046;Katherine Wagner;23;MUJER;3;PRIMARIA;2;2503000;85;161;SI;NO;NO;SI
1378559482;Sarah Gonzales;55;MUJER;3;POSTGRADO;3;2775000;71;165;SI;SI;NO;NO
1381190960;Angie Thompson;21;MUJER;0;POSTGRADO;3;3112000;76;173;SI;SI;NO;SI
1391517340;Dawn Archer;48;MUJER;1;SECUNDARIA;2;2615000;82;167;NO;NO;SI;NO
1393730828;Elizabeth Shepherd;40;MUJER;3;POSTGRADO;3;2638000;82;164;SI;SI;NO;NO
1400093117;Deborah Johnson;25;MUJER;3;POSTGRADO;2;4028000;75;163;SI;NO;NO;NO
1402431388;Kristin Espinoza;30;MUJER;0;SECUNDARIA;2;2823000;94;169;SI;NO;SI;SI
1403934901;Ruth Foster;54;MUJER;1;PRIMARIA;2;2159000;62;173;SI;NO;NO;SI
1417207541;Renee Crane;57;MUJER;1;PRIMARIA;3;1665000;96;162;NO;SI;SI;SI
1432575392;Mary Decker;57;MUJER;0;SECUNDARIA;2;3298000;72;168;NO;SI;SI;NO
1437152907;Katherine Howe;48;MUJER;2;PREGRADO;4;1892000;62;176;NO;NO;SI;SI
1456443129;Stacie Barker;28;MUJER;3;PRIMARIA;3;2975000;62;171;NO;NO;SI;SI
1456567935;Jessica Taylor;34;MUJER;2;PRIMARIA;2;4170000;88;167;SI;NO;SI;NO
1461349502;Mary Gallagher;40;MUJER;2;SECUNDARIA;4;1795000;92;178;SI;NO;NO;SI
1465323835;Maria Armstrong;35;MUJER;1;POSTGRADO;2;2140000;72;177;SI;NO;SI;SI
1465817816;Mary Padilla;33;MUJER;3;POSTGRADO;2;1614000;74;171;SI;NO;NO;SI
1466148599;Tracy Thompson;53;MUJER;1;PREGRADO;2;5335000;61;170;NO;SI;SI;NO
1472647510;Kayla Harrison;51;MUJER;0;POSTGRADO;2;4786000;75;181;NO;SI;NO;NO
1472659477;Valerie Harris;31;MUJER;3;SECUNDARIA;3;2362000;87;171;SI;SI;NO;SI
1477645257;Kimberly Cross;21;MUJER;2;POSTGRADO;4;3616000;98;164;NO;SI;NO;NO
1479595573;Andrea Martin;25;MUJER;1;PRIMARIA;2;5552000;74;181;SI;SI;NO;NO
1487762791;Samantha Williams MD;49;MUJER;2;PREGRADO;3;3991000;86;164;SI;NO;SI;SI
1493597025;Ariel Ramsey;25;MUJER;0;SECUNDARIA;4;3675000;94;167;SI;SI;SI;NO
1494424218;Paula Guerrero;48;MUJER;1;PRIMARIA;4;2491000;94;179;NO;NO;SI;SI
1495755647;Kimberly Butler;27;MUJER;2;SECUNDARIA;4;4884000;93;180;NO;NO;NO;SI
1498792349;Elizabeth Williams MD;29;MUJER;3;PREGRADO;4;5677000;91;176;NO;NO;NO;SI
1506819688;Peggy Torres;24;MUJER;2;PREGRADO;2;1847000;86;173;SI;NO;SI;SI
1511863977;Michelle Huffman;43;MUJER;1;POSTGRADO;4;3626000;98;174;SI;SI;SI;SI
1512203470;Megan Wilkinson;24;MUJER;1;PRIMARIA;3;4825000;64;164;SI;NO;NO;SI
1517419801;Deborah Vega;54;MUJER;3;SECUNDARIA;3;5571000;88;167;NO;SI;SI;SI
1518046876;Shannon Reynolds;40;MUJER;3;PREGRADO;2;5575000;81;176;NO;NO;NO;SI
1522959312;Danielle Rodriguez;29;MUJER;0;PRIMARIA;3;4237000;94;174;SI;SI;NO;SI
1523135737;Pamela Smith;23;MUJER;2;POSTGRADO;2;2098000;75;172;NO;NO;SI;SI
1525336848;Kelli Martinez;46;MUJER;1;POSTGRADO;4;2409000;83;165;NO;SI;SI;NO
1526501798;Stephanie Bryant;31;MUJER;3;PRIMARIA;3;3488000;89;180;SI;SI;NO;SI
1531598685;Erin Wheeler;50;MUJER;2;PREGRADO;3;5023000;76;175;NO;NO;SI;NO
1534661693;Kari White;25;MUJER;0;PREGRADO;4;3850000;65;170;SI;NO;SI;SI
1535114232;Natasha Wagner;33;MUJER;3;PRIMARIA;2;3374000;78;181;SI;SI;SI;NO
1536842169;Elizabeth Miller;56;MUJER;1;PRIMARIA;4;2113000;92;166;NO;NO;NO;NO
1545653962;Mary Hayes;25;MUJER;1;POSTGRADO;2;2843000;79;161;NO;SI;NO;NO
1547063230;Courtney Scott;46;MUJER;3;POSTGRADO;2;4257000;82;168;NO;SI;SI;NO
1549404432;Michelle Meadows;42;MUJER;2;SECUNDARIA;3;1823000;68;182;NO;NO;SI;NO
1561240270;Pamela Kane;53;MUJER;1;PREGRADO;4;2820000;70;171;NO;SI;NO;SI
1563793306;Janet Carpenter;37;MUJER;1;POSTGRADO;4;3899000;73;173;NO;NO;SI;NO
1565415040;Lynn Smith;31;MUJER;2;PRIMARIA;4;3416000;73;183;NO;NO;NO;SI
1569388004;Amy Clark;30;MUJER;3;POSTGRADO;4;5026000;66;169;SI;NO;SI;SI
1573891525;Amy Rodriguez;57;MUJER;0;POSTGRADO;4;3983000;67;161;SI;NO;NO;SI
1574512933;Emily Bailey;42;MUJER;1;POSTGRADO;3;1827000;96;170;SI;SI;SI;SI
1579060687;Courtney Gallagher;43;MUJER;0;PRIMARIA;2;2976000;76;164;SI;NO;NO;SI
1579452242;Briana Johnson;36;MUJER;3;PREGRADO;3;4073000;97;168;SI;NO;SI;NO
1589024386;Megan Mejia;46;MUJER;1;SECUNDARIA;4;1674000;76;172;SI;SI;SI;NO
1592513100;Katrina Morgan;46;MUJER;0;SECUNDARIA;3;2204000;84;169;NO;NO;SI;NO
1595772068;Debra Mccormick;24;MUJER;3;SECUNDARIA;3;4235000;78;166;SI;SI;NO;NO
1598111524;Carla Faulkner;28;MUJER;1;PREGRADO;4;3825000;92;174;NO;SI;SI;SI
1598314915;Angela Edwards;45;MUJER;1;POSTGRADO;4;3339000;58;165;NO;NO;SI;SI
1604326893;Diane Roberts;30;MUJER;3;PRIMARIA;2;3993000;60;175;SI;SI;SI;SI
1605147766;Jennifer Evans;37;MUJER;2;PREGRADO;4;2727000;98;161;NO;SI;SI;SI
1618215587;Barbara Hodges;22;MUJER;2;SECUNDARIA;2;2119000;78;183;SI;NO;SI;SI
1620500907;Kimberly Bradley;50;MUJER;1;POSTGRADO;3;5036000;67;177;NO;SI;NO;NO
1629700315;Jessica Walter;29;MUJER;0;SECUNDARIA;3;5150000;62;172;SI;NO;SI;SI
1631935342;Maria Valdez;57;MUJER;3;PRIMARIA;3;3706000;89;164;NO;SI;SI;SI
1633407540;Michelle Boyle;39;MUJER;0;SECUNDARIA;4;5231000;62;168;NO;NO;SI;NO
1638841487;Donna Owen;51;MUJER;3;PREGRADO;3;4153000;89;170;NO;SI;NO;SI
1639649520;Jennifer Hayden;30;MUJER;0;PREGRADO;4;4671000;80;178;NO;SI;NO;SI
1640996603;Mrs. Sarah Smith;53;MUJER;0;PRIMARIA;2;3127000;79;165;NO;SI;SI;NO
1641897937;Samantha Tyler;51;MUJER;2;SECUNDARIA;4;2384000;72;183;NO;NO;NO;SI
1649699096;Deanna Thomas;23;MUJER;2;SECUNDARIA;2;1690000;79;173;SI;NO;SI;SI
1649939561;Lynn Mitchell;38;MUJER;2;POSTGRADO;3;4982000;89;169;SI;NO;NO;NO
1650117000;Penny Butler;27;MUJER;3;POSTGRADO;4;3819000;76;166;NO;SI;SI;NO
1654714481;Kelly Ayers;56;MUJER;3;PRIMARIA;2;2265000;84;175;SI;NO;SI;NO
1657096154;Patricia Greene;46;MUJER;3;PRIMARIA;4;3743000;58;173;SI;SI;NO;SI
1661286254;Stephanie Davis;55;MUJER;0;PREGRADO;3;4704000;75;164;NO;NO;SI;NO
1665017495;Rachel Willis;57;MUJER;2;SECUNDARIA;4;5669000;82;162;SI;SI;NO;NO
1668465285;Lori Bryant;45;MUJER;2;PREGRADO;4;1966000;79;172;NO;NO;NO;NO
1673321609;Laura Payne;48;MUJER;0;POSTGRADO;4;5379000;81;174;SI;SI;SI;NO
1676866338;Christine Williams;25;MUJER;3;PRIMARIA;3;4384000;67;173;SI;SI;SI;NO
1681941323;Kimberly Benson;25;MUJER;3;SECUNDARIA;4;5563000;74;180;NO;SI;SI;SI
1684818576;Caitlin Pierce;29;MUJER;3;PREGRADO;4;2379000;94;163;NO;NO;NO;NO
1687058044;Monica Young;57;MUJER;3;POSTGRADO;2;4636000;80;177;NO;SI;NO;SI
1689283736;Faith Atkins;34;MUJER;0;POSTGRADO;3;1604000;67;173;SI;SI;SI;SI
1689759974;Rhonda Lindsey;51;MUJER;0;POSTGRADO;2;4233000;70;172;SI;NO;NO;NO
1690409148;Jacqueline Bush;23;MUJER;1;POSTGRADO;4;3004000;62;166;SI;NO;SI;SI
1695156498;Melissa Rivera;34;MUJER;0;SECUNDARIA;2;3430000;68;162;NO;NO;SI;SI
1696191288;Pamela Gonzales;49;MUJER;3;POSTGRADO;2;3883000;77;167;NO;SI;NO;SI
1698229781;Renee Knight;48;MUJER;3;PRIMARIA;4;4745000;71;166;NO;SI;NO;SI
1701389254;Cassandra Barber;30;MUJER;1;PREGRADO;4;2805000;81;182;NO;SI;SI;SI
1702143827;Jennifer Glover;39;MUJER;2;SECUNDARIA;3;4421000;87;172;NO;SI;SI;NO
1704901629;Robin Gonzalez;45;MUJER;1;PREGRADO;3;2332000;79;170;SI;SI;NO;SI
1706886082;Kathryn Harris;35;MUJER;0;PRIMARIA;2;5090000;70;170;NO;SI;SI;NO
1709335265;Emily Blake;26;MUJER;2;PREGRADO;2;5646000;85;166;SI;NO;SI;NO
1711493602;Angela Hall;25;MUJER;1;POSTGRADO;3;5289000;94;162;SI;SI;SI;NO
1712875980;Kristin Miller;44;MUJER;0;SECUNDARIA;4;4766000;98;175;SI;SI;NO;NO
1713747437;Brianna Moreno;53;MUJER;0;PRIMARIA;2;2200000;97;179;NO;NO;NO;NO
1715108674;Kristin Robinson;55;MUJER;1;POSTGRADO;4;3769000;91;163;SI;SI;SI;SI
1718724815;Stephanie Martinez;21;MUJER;2;PREGRADO;3;4474000;90;178;SI;NO;SI;SI
1718849938;Patricia Carlson;21;MUJER;1;POSTGRADO;4;3408000;61;178;NO;SI;NO;NO
1725446064;Karen Williams;33;MUJER;0;POSTGRADO;3;4809000;59;181;NO;NO;SI;NO
1734680626;Emily Jensen;52;MUJER;0;PREGRADO;4;4203000;96;174;NO;NO;NO;SI
1736657877;Monica Rice;28;MUJER;3;PREGRADO;2;4397000;87;175;SI;NO;SI;NO
1737415379;Jody Irwin;50;MUJER;1;PREGRADO;2;3634000;66;161;NO;SI;NO;NO
1739962486;Christine Johnson;54;MUJER;1;SECUNDARIA;2;3778000;61;168;SI;SI;SI;NO
1741813800;Morgan Delgado;55;MUJER;3;PREGRADO;4;4590000;96;170;SI;NO;NO;SI
1759709196;Donna Robinson;29;MUJER;1;SECUNDARIA;4;1743000;88;168;NO;SI;NO;SI
1762329377;Heidi Cook;40;MUJER;3;SECUNDARIA;3;3583000;89;176;NO;NO;NO;NO
1769324973;Danielle Perez;31;MUJER;3;SECUNDARIA;4;3527000;76;182;NO;SI;NO;SI
1773236132;Katie Nash;25;MUJER;3;PRIMARIA;4;5363000;59;183;SI;NO;SI;SI
1779959436;Sarah Ball;31;MUJER;3;PRIMARIA;4;3150000;73;175;SI;SI;SI;NO
1799713211;Brandi Hess;34;MUJER;0;POSTGRADO;2;3289000;83;164;SI;SI;NO;SI
1801902040;Rebecca Rodriguez;25;MUJER;3;POSTGRADO;2;3168000;72;176;NO;NO;NO;NO
1803118544;Brittany Thompson;34;MUJER;0;PRIMARIA;3;3518000;81;164;SI;SI;NO;SI
1804533689;Shannon Scott;36;MUJER;0;PRIMARIA;3;2051000;96;180;NO;SI;SI;SI
1806726102;Courtney Dougherty;35;MUJER;3;PRIMARIA;3;3807000;77;169;NO;SI;NO;NO
1813722586;Katie Mann;32;MUJER;1;PRIMARIA;3;4893000;78;161;NO;NO;SI;NO
1815193808;Melissa Sanchez;27;MUJER;3;SECUNDARIA;3;5440000;74;179;NO;SI;SI;NO
1818187758;Lisa Sheppard;38;MUJER;0;PREGRADO;4;1729000;85;172;SI;SI;SI;SI
1820445858;Emily Love;53;MUJER;3;POSTGRADO;4;2460000;62;181;SI;NO;SI;SI
1821209032;Katherine Walker;42;MUJER;3;PREGRADO;2;4542000;62;163;NO;SI;NO;NO
1826271515;Kaitlyn Simpson;40;MUJER;1;POSTGRADO;2;3030000;80;163;NO;NO;NO;SI
1832226198;Crystal Thomas;30;MUJER;0;SECUNDARIA;4;3953000;82;161;NO;SI;SI;NO
1833824926;Alexis Weber;45;MUJER;0;SECUNDARIA;2;1668000;80;161;SI;SI;SI;NO
1839782268;Alexis Taylor;33;MUJER;1;POSTGRADO;3;2833000;79;173;NO;NO;NO;NO
1840328858;Yvonne Whitehead;29;MUJER;3;PREGRADO;2;4751000;76;171;SI;NO;SI;NO
1841329288;Alyssa Flores;31;MUJER;0;POSTGRADO;3;4113000;89;168;SI;SI;SI;NO
1843078654;Mikayla Jackson;30;MUJER;1;PREGRADO;4;2522000;71;169;NO;SI;NO;NO
1850200789;Kristen Hobbs;44;MUJER;0;POSTGRADO;3;1629000;90;167;SI;SI;NO;NO
1850374094;Joy Cole;44;MUJER;0;PRIMARIA;3;3227000;66;180;NO;SI;NO;SI
1853351201;Ashley Garcia;31;MUJER;0;PREGRADO;2;3440000;69;170;SI;NO;NO;SI
1858723629;Sabrina Perry;23;MUJER;3;PREGRADO;3;2451000;92;164;NO;SI;NO;NO
1859076921;Sonya Riley;39;MUJER;1;SECUNDARIA;3;3496000;69;165;NO;NO;NO;SI
1859973010;Debbie Evans;32;MUJER;2;PRIMARIA;4;3302000;65;167;SI;SI;NO;SI
1860803875;Laura Hill;41;MUJER;3;PRIMARIA;3;2448000;71;171;NO;NO;SI;SI
1876685225;Hayley Jackson;44;MUJER;2;SECUNDARIA;3;1949000;98;172;SI;NO;SI;NO
1879030034;Kimberly Kim;47;MUJER;0;PREGRADO;3;1788000;76;163;SI;NO;SI;SI
1881862390;Katherine Spencer;44;MUJER;2;PREGRADO;4;4266000;95;170;SI;SI;NO;SI
1886067922;Wendy Simmons;45;MUJER;0;SECUNDARIA;3;2092000;66;172;SI;NO;SI;SI
1888673121;Barbara Noble;44;MUJER;1;SECUNDARIA;4;3852000;78;174;NO;NO;SI;SI
1892221344;Kathleen Rodgers;25;MUJER;1;PREGRADO;3;3239000;66;180;NO;SI;NO;SI
1893631008;Angelica Paul;37;MUJER;2;POSTGRADO;4;3861000;76;165;NO;NO;SI;SI
1895741361;Stacy Terry;33;MUJER;3;PRIMARIA;2;4499000;96;178;SI;NO;SI;SI
1898711229;Lindsey Newton;22;MUJER;3;PREGRADO;4;2025000;81;183;SI;SI;NO;SI
1902295751;Sarah Banks;26;MUJER;2;SECUNDARIA;3;5073000;97;162;SI;SI;SI;SI
1902501422;Sheila Wolf MD;42;MUJER;3;POSTGRADO;2;1831000;84;179;NO;SI;SI;NO
1903268112;Dana Lewis;49;MUJER;2;POSTGRADO;2;3420000;67;167;NO;SI;SI;SI
1904504766;Kathryn Jones PhD;35;MUJER;0;SECUNDARIA;3;5047000;92;161;NO;NO;SI;SI
1911147968;Chelsea Hubbard;40;MUJER;2;SECUNDARIA;2;4539000;94;166;NO;NO;SI;NO
1912665644;Sabrina Smith;34;MUJER;0;POSTGRADO;2;4181000;79;161;SI;NO;SI;SI
1912864139;Teresa Hardy;53;MUJER;1;PRIMARIA;2;4400000;79;177;SI;NO;SI;SI
1914652979;Tara Cooper;41;MUJER;2;POSTGRADO;3;4414000;95;168;SI;NO;SI;NO
1918638305;Julie Rivera;46;MUJER;0;PREGRADO;4;3675000;79;174;NO;SI;NO;NO
1936081354;Courtney Wall;41;MUJER;2;SECUNDARIA;2;2664000;86;163;SI;NO;SI;SI
1941791397;Carolyn Proctor;46;MUJER;3;SECUNDARIA;4;5402000;93;166;SI;SI;SI;SI
1952129099;Jodi Moss;40;MUJER;3;SECUNDARIA;4;5527000;84;173;SI;NO;SI;SI
1952817805;Monica Hess;37;MUJER;1;PREGRADO;2;4823000;84;170;NO;SI;NO;NO
1955490190;Laura Bailey;56;MUJER;0;PREGRADO;4;3542000;97;180;SI;SI;NO;SI
1964312217;Brianna Gordon;25;MUJER;1;PREGRADO;2;2033000;60;176;SI;NO;SI;NO
1969032047;Amanda Lane;49;MUJER;2;POSTGRADO;2;2905000;78;174;NO;SI;NO;NO
1969832912;Hayley Ruiz;22;MUJER;2;PRIMARIA;4;2643000;82;177;SI;NO;SI;NO
1969848135;Lynn Mckenzie;39;MUJER;0;PREGRADO;4;2680000;92;176;SI;SI;NO;SI
1972303058;Karen Mccoy;56;MUJER;2;POSTGRADO;4;2756000;96;162;SI;SI;SI;SI
1974513926;Amy Brooks;37;MUJER;2;POSTGRADO;2;3784000;64;171;NO;SI;SI;SI
1974761457;Laura Watts;51;MUJER;3;POSTGRADO;4;5045000;85;176;SI;SI;NO;NO
1977444764;Sharon Mullins;34;MUJER;2;PRIMARIA;4;4616000;60;161;NO;NO;SI;NO
1982699243;Alexandria Mendez;46;MUJER;1;SECUNDARIA;4;3185000;85;175;SI;SI;NO;SI
1986546436;Kimberly Vargas;51;MUJER;3;PRIMARIA;2;4367000;94;180;SI;NO;NO;SI
1987223851;Melanie Williamson;49;MUJER;0;PRIMARIA;2;5090000;64;165;NO;SI;NO;SI
1988507026;Rebekah Page;36;MUJER;1;POSTGRADO;3;3886000;91;166;SI;SI;SI;NO
1992081101;Erika Love;29;MUJER;2;POSTGRADO;2;3424000;70;173;SI;SI;NO;NO
1993697068;Misty Barry;33;MUJER;1;SECUNDARIA;2;3079000;59;163;SI;SI;NO;SI
1994927121;Ruth Davis;28;MUJER;2;POSTGRADO;3;3380000;70;168;NO;NO;SI;NO
1999387013;Kimberly Ortega;49;MUJER;0;SECUNDARIA;2;5410000;69;168;SI;NO;SI;SI
